Id,Name,Job,Email,Company,Phone numb,Address
8527,Michael Moore,Printmaker,rwatson@example.org,"Camacho, Torres and Dunn",+1-359-907-8403x9348,"5477 Cabrera Vista
North Rebecca, NC 71658"
8527,Michael Moore,Printmaker,rwatson@example.org,"Camacho, Torres and Dunn",+1-359-907-8403x9348,"5477 Cabrera Vista
North Rebecca, NC 71658"
8527,Michael Moore,Printmaker,rwatson@example.org,"Camacho, Torres and Dunn",+1-359-907-8403x9348,"5477 Cabrera Vista
North Rebecca, NC 71658"
8527,Michael Moore,Printmaker,rwatson@example.org,"Camacho, Torres and Dunn",+1-359-907-8403x9348,"5477 Cabrera Vista
North Rebecca, NC 71658"
8527,Michael Moore,Printmaker,rwatson@example.org,"Camacho, Torres and Dunn",+1-359-907-8403x9348,"5477 Cabrera Vista
North Rebecca, NC 71658"
8527,Michael Moore,Printmaker,rwatson@example.org,"Camacho, Torres and Dunn",+1-359-907-8403x9348,"5477 Cabrera Vista
North Rebecca, NC 71658"
8527,Michael Moore,Printmaker,rwatson@example.org,"Camacho, Torres and Dunn",+1-359-907-8403x9348,"5477 Cabrera Vista
North Rebecca, NC 71658"
8527,Michael Moore,Printmaker,rwatson@example.org,"Camacho, Torres and Dunn",+1-359-907-8403x9348,"5477 Cabrera Vista
North Rebecca, NC 71658"
8527,Michael Moore,Printmaker,rwatson@example.org,"Camacho, Torres and Dunn",+1-359-907-8403x9348,"5477 Cabrera Vista
North Rebecca, NC 71658"
8527,Michael Moore,Printmaker,rwatson@example.org,"Camacho, Torres and Dunn",+1-359-907-8403x9348,"5477 Cabrera Vista
North Rebecca, NC 71658"
8527,Michael Moore,Printmaker,rwatson@example.org,"Camacho, Torres and Dunn",+1-359-907-8403x9348,"5477 Cabrera Vista
North Rebecca, NC 71658"
8527,Michael Moore,Printmaker,rwatson@example.org,"Camacho, Torres and Dunn",+1-359-907-8403x9348,"5477 Cabrera Vista
North Rebecca, NC 71658"
8527,Michael Moore,Printmaker,rwatson@example.org,"Camacho, Torres and Dunn",+1-359-907-8403x9348,"5477 Cabrera Vista
North Rebecca, NC 71658"
8527,Michael Moore,Printmaker,rwatson@example.org,"Camacho, Torres and Dunn",+1-359-907-8403x9348,"5477 Cabrera Vista
North Rebecca, NC 71658"
8527,Michael Moore,Printmaker,rwatson@example.org,"Camacho, Torres and Dunn",+1-359-907-8403x9348,"5477 Cabrera Vista
North Rebecca, NC 71658"
8527,Michael Moore,Printmaker,rwatson@example.org,"Camacho, Torres and Dunn",+1-359-907-8403x9348,"5477 Cabrera Vista
North Rebecca, NC 71658"
8527,Michael Moore,Printmaker,rwatson@example.org,"Camacho, Torres and Dunn",+1-359-907-8403x9348,"5477 Cabrera Vista
North Rebecca, NC 71658"
8527,Michael Moore,Printmaker,rwatson@example.org,"Camacho, Torres and Dunn",+1-359-907-8403x9348,"5477 Cabrera Vista
North Rebecca, NC 71658"
8527,Michael Moore,Printmaker,rwatson@example.org,"Camacho, Torres and Dunn",+1-359-907-8403x9348,"5477 Cabrera Vista
North Rebecca, NC 71658"
8527,Michael Moore,Printmaker,rwatson@example.org,"Camacho, Torres and Dunn",+1-359-907-8403x9348,"5477 Cabrera Vista
North Rebecca, NC 71658"
8527,Michael Moore,Printmaker,rwatson@example.org,"Camacho, Torres and Dunn",+1-359-907-8403x9348,"5477 Cabrera Vista
North Rebecca, NC 71658"
8527,Michael Moore,Printmaker,rwatson@example.org,"Camacho, Torres and Dunn",+1-359-907-8403x9348,"5477 Cabrera Vista
North Rebecca, NC 71658"
8527,Michael Moore,Printmaker,rwatson@example.org,"Camacho, Torres and Dunn",+1-359-907-8403x9348,"5477 Cabrera Vista
North Rebecca, NC 71658"
8527,Michael Moore,Printmaker,rwatson@example.org,"Camacho, Torres and Dunn",+1-359-907-8403x9348,"5477 Cabrera Vista
North Rebecca, NC 71658"
8527,Michael Moore,Printmaker,rwatson@example.org,"Camacho, Torres and Dunn",+1-359-907-8403x9348,"5477 Cabrera Vista
North Rebecca, NC 71658"
8527,Michael Moore,Printmaker,rwatson@example.org,"Camacho, Torres and Dunn",+1-359-907-8403x9348,"5477 Cabrera Vista
North Rebecca, NC 71658"
8527,Michael Moore,Printmaker,rwatson@example.org,"Camacho, Torres and Dunn",+1-359-907-8403x9348,"5477 Cabrera Vista
North Rebecca, NC 71658"
8527,Michael Moore,Printmaker,rwatson@example.org,"Camacho, Torres and Dunn",+1-359-907-8403x9348,"5477 Cabrera Vista
North Rebecca, NC 71658"
8527,Michael Moore,Printmaker,rwatson@example.org,"Camacho, Torres and Dunn",+1-359-907-8403x9348,"5477 Cabrera Vista
North Rebecca, NC 71658"
8527,Michael Moore,Printmaker,rwatson@example.org,"Camacho, Torres and Dunn",+1-359-907-8403x9348,"5477 Cabrera Vista
North Rebecca, NC 71658"
8527,Michael Moore,Printmaker,rwatson@example.org,"Camacho, Torres and Dunn",+1-359-907-8403x9348,"5477 Cabrera Vista
North Rebecca, NC 71658"
8527,Michael Moore,Printmaker,rwatson@example.org,"Camacho, Torres and Dunn",+1-359-907-8403x9348,"5477 Cabrera Vista
North Rebecca, NC 71658"
8527,Michael Moore,Printmaker,rwatson@example.org,"Camacho, Torres and Dunn",+1-359-907-8403x9348,"5477 Cabrera Vista
North Rebecca, NC 71658"
8527,Michael Moore,Printmaker,rwatson@example.org,"Camacho, Torres and Dunn",+1-359-907-8403x9348,"5477 Cabrera Vista
North Rebecca, NC 71658"
8527,Michael Moore,Printmaker,rwatson@example.org,"Camacho, Torres and Dunn",+1-359-907-8403x9348,"5477 Cabrera Vista
North Rebecca, NC 71658"
8527,Michael Moore,Printmaker,rwatson@example.org,"Camacho, Torres and Dunn",+1-359-907-8403x9348,"5477 Cabrera Vista
North Rebecca, NC 71658"
8527,Michael Moore,Printmaker,rwatson@example.org,"Camacho, Torres and Dunn",+1-359-907-8403x9348,"5477 Cabrera Vista
North Rebecca, NC 71658"
8527,Michael Moore,Printmaker,rwatson@example.org,"Camacho, Torres and Dunn",+1-359-907-8403x9348,"5477 Cabrera Vista
North Rebecca, NC 71658"
8527,Michael Moore,Printmaker,rwatson@example.org,"Camacho, Torres and Dunn",+1-359-907-8403x9348,"5477 Cabrera Vista
North Rebecca, NC 71658"
8527,Michael Moore,Printmaker,rwatson@example.org,"Camacho, Torres and Dunn",+1-359-907-8403x9348,"5477 Cabrera Vista
North Rebecca, NC 71658"
8527,Michael Moore,Printmaker,rwatson@example.org,"Camacho, Torres and Dunn",+1-359-907-8403x9348,"5477 Cabrera Vista
North Rebecca, NC 71658"
8527,Michael Moore,Printmaker,rwatson@example.org,"Camacho, Torres and Dunn",+1-359-907-8403x9348,"5477 Cabrera Vista
North Rebecca, NC 71658"
8527,Michael Moore,Printmaker,rwatson@example.org,"Camacho, Torres and Dunn",+1-359-907-8403x9348,"5477 Cabrera Vista
North Rebecca, NC 71658"
8527,Michael Moore,Printmaker,rwatson@example.org,"Camacho, Torres and Dunn",+1-359-907-8403x9348,"5477 Cabrera Vista
North Rebecca, NC 71658"
8527,Michael Moore,Printmaker,rwatson@example.org,"Camacho, Torres and Dunn",+1-359-907-8403x9348,"5477 Cabrera Vista
North Rebecca, NC 71658"
8527,Michael Moore,Printmaker,rwatson@example.org,"Camacho, Torres and Dunn",+1-359-907-8403x9348,"5477 Cabrera Vista
North Rebecca, NC 71658"
8527,Michael Moore,Printmaker,rwatson@example.org,"Camacho, Torres and Dunn",+1-359-907-8403x9348,"5477 Cabrera Vista
North Rebecca, NC 71658"
8527,Michael Moore,Printmaker,rwatson@example.org,"Camacho, Torres and Dunn",+1-359-907-8403x9348,"5477 Cabrera Vista
North Rebecca, NC 71658"
8527,Michael Moore,Printmaker,rwatson@example.org,"Camacho, Torres and Dunn",+1-359-907-8403x9348,"5477 Cabrera Vista
North Rebecca, NC 71658"
8527,Michael Moore,Printmaker,rwatson@example.org,"Camacho, Torres and Dunn",+1-359-907-8403x9348,"5477 Cabrera Vista
North Rebecca, NC 71658"
8527,Michael Moore,Printmaker,rwatson@example.org,"Camacho, Torres and Dunn",+1-359-907-8403x9348,"5477 Cabrera Vista
North Rebecca, NC 71658"
8527,Michael Moore,Printmaker,rwatson@example.org,"Camacho, Torres and Dunn",+1-359-907-8403x9348,"5477 Cabrera Vista
North Rebecca, NC 71658"
8527,Michael Moore,Printmaker,rwatson@example.org,"Camacho, Torres and Dunn",+1-359-907-8403x9348,"5477 Cabrera Vista
North Rebecca, NC 71658"
8527,Michael Moore,Printmaker,rwatson@example.org,"Camacho, Torres and Dunn",+1-359-907-8403x9348,"5477 Cabrera Vista
North Rebecca, NC 71658"
8527,Michael Moore,Printmaker,rwatson@example.org,"Camacho, Torres and Dunn",+1-359-907-8403x9348,"5477 Cabrera Vista
North Rebecca, NC 71658"
8527,Michael Moore,Printmaker,rwatson@example.org,"Camacho, Torres and Dunn",+1-359-907-8403x9348,"5477 Cabrera Vista
North Rebecca, NC 71658"
8527,Michael Moore,Printmaker,rwatson@example.org,"Camacho, Torres and Dunn",+1-359-907-8403x9348,"5477 Cabrera Vista
North Rebecca, NC 71658"
8527,Michael Moore,Printmaker,rwatson@example.org,"Camacho, Torres and Dunn",+1-359-907-8403x9348,"5477 Cabrera Vista
North Rebecca, NC 71658"
8527,Michael Moore,Printmaker,rwatson@example.org,"Camacho, Torres and Dunn",+1-359-907-8403x9348,"5477 Cabrera Vista
North Rebecca, NC 71658"
8527,Michael Moore,Printmaker,rwatson@example.org,"Camacho, Torres and Dunn",+1-359-907-8403x9348,"5477 Cabrera Vista
North Rebecca, NC 71658"
8527,Michael Moore,Printmaker,rwatson@example.org,"Camacho, Torres and Dunn",+1-359-907-8403x9348,"5477 Cabrera Vista
North Rebecca, NC 71658"
8527,Michael Moore,Printmaker,rwatson@example.org,"Camacho, Torres and Dunn",+1-359-907-8403x9348,"5477 Cabrera Vista
North Rebecca, NC 71658"
8527,Michael Moore,Printmaker,rwatson@example.org,"Camacho, Torres and Dunn",+1-359-907-8403x9348,"5477 Cabrera Vista
North Rebecca, NC 71658"
8527,Michael Moore,Printmaker,rwatson@example.org,"Camacho, Torres and Dunn",+1-359-907-8403x9348,"5477 Cabrera Vista
North Rebecca, NC 71658"
8527,Michael Moore,Printmaker,rwatson@example.org,"Camacho, Torres and Dunn",+1-359-907-8403x9348,"5477 Cabrera Vista
North Rebecca, NC 71658"
8527,Michael Moore,Printmaker,rwatson@example.org,"Camacho, Torres and Dunn",+1-359-907-8403x9348,"5477 Cabrera Vista
North Rebecca, NC 71658"
8527,Michael Moore,Printmaker,rwatson@example.org,"Camacho, Torres and Dunn",+1-359-907-8403x9348,"5477 Cabrera Vista
North Rebecca, NC 71658"
8527,Michael Moore,Printmaker,rwatson@example.org,"Camacho, Torres and Dunn",+1-359-907-8403x9348,"5477 Cabrera Vista
North Rebecca, NC 71658"
8527,Michael Moore,Printmaker,rwatson@example.org,"Camacho, Torres and Dunn",+1-359-907-8403x9348,"5477 Cabrera Vista
North Rebecca, NC 71658"
8527,Michael Moore,Printmaker,rwatson@example.org,"Camacho, Torres and Dunn",+1-359-907-8403x9348,"5477 Cabrera Vista
North Rebecca, NC 71658"
8527,Michael Moore,Printmaker,rwatson@example.org,"Camacho, Torres and Dunn",+1-359-907-8403x9348,"5477 Cabrera Vista
North Rebecca, NC 71658"
8527,Michael Moore,Printmaker,rwatson@example.org,"Camacho, Torres and Dunn",+1-359-907-8403x9348,"5477 Cabrera Vista
North Rebecca, NC 71658"
8527,Michael Moore,Printmaker,rwatson@example.org,"Camacho, Torres and Dunn",+1-359-907-8403x9348,"5477 Cabrera Vista
North Rebecca, NC 71658"
8527,Michael Moore,Printmaker,rwatson@example.org,"Camacho, Torres and Dunn",+1-359-907-8403x9348,"5477 Cabrera Vista
North Rebecca, NC 71658"
8527,Michael Moore,Printmaker,rwatson@example.org,"Camacho, Torres and Dunn",+1-359-907-8403x9348,"5477 Cabrera Vista
North Rebecca, NC 71658"
8527,Michael Moore,Printmaker,rwatson@example.org,"Camacho, Torres and Dunn",+1-359-907-8403x9348,"5477 Cabrera Vista
North Rebecca, NC 71658"
8527,Michael Moore,Printmaker,rwatson@example.org,"Camacho, Torres and Dunn",+1-359-907-8403x9348,"5477 Cabrera Vista
North Rebecca, NC 71658"
8527,Michael Moore,Printmaker,rwatson@example.org,"Camacho, Torres and Dunn",+1-359-907-8403x9348,"5477 Cabrera Vista
North Rebecca, NC 71658"
8527,Michael Moore,Printmaker,rwatson@example.org,"Camacho, Torres and Dunn",+1-359-907-8403x9348,"5477 Cabrera Vista
North Rebecca, NC 71658"
8527,Michael Moore,Printmaker,rwatson@example.org,"Camacho, Torres and Dunn",+1-359-907-8403x9348,"5477 Cabrera Vista
North Rebecca, NC 71658"
8527,Michael Moore,Printmaker,rwatson@example.org,"Camacho, Torres and Dunn",+1-359-907-8403x9348,"5477 Cabrera Vista
North Rebecca, NC 71658"
8527,Michael Moore,Printmaker,rwatson@example.org,"Camacho, Torres and Dunn",+1-359-907-8403x9348,"5477 Cabrera Vista
North Rebecca, NC 71658"
8527,Michael Moore,Printmaker,rwatson@example.org,"Camacho, Torres and Dunn",+1-359-907-8403x9348,"5477 Cabrera Vista
North Rebecca, NC 71658"
8527,Michael Moore,Printmaker,rwatson@example.org,"Camacho, Torres and Dunn",+1-359-907-8403x9348,"5477 Cabrera Vista
North Rebecca, NC 71658"
8527,Michael Moore,Printmaker,rwatson@example.org,"Camacho, Torres and Dunn",+1-359-907-8403x9348,"5477 Cabrera Vista
North Rebecca, NC 71658"
8527,Michael Moore,Printmaker,rwatson@example.org,"Camacho, Torres and Dunn",+1-359-907-8403x9348,"5477 Cabrera Vista
North Rebecca, NC 71658"
8527,Michael Moore,Printmaker,rwatson@example.org,"Camacho, Torres and Dunn",+1-359-907-8403x9348,"5477 Cabrera Vista
North Rebecca, NC 71658"
8527,Michael Moore,Printmaker,rwatson@example.org,"Camacho, Torres and Dunn",+1-359-907-8403x9348,"5477 Cabrera Vista
North Rebecca, NC 71658"
8527,Michael Moore,Printmaker,rwatson@example.org,"Camacho, Torres and Dunn",+1-359-907-8403x9348,"5477 Cabrera Vista
North Rebecca, NC 71658"
8527,Michael Moore,Printmaker,rwatson@example.org,"Camacho, Torres and Dunn",+1-359-907-8403x9348,"5477 Cabrera Vista
North Rebecca, NC 71658"
8527,Michael Moore,Printmaker,rwatson@example.org,"Camacho, Torres and Dunn",+1-359-907-8403x9348,"5477 Cabrera Vista
North Rebecca, NC 71658"
8527,Michael Moore,Printmaker,rwatson@example.org,"Camacho, Torres and Dunn",+1-359-907-8403x9348,"5477 Cabrera Vista
North Rebecca, NC 71658"
8527,Michael Moore,Printmaker,rwatson@example.org,"Camacho, Torres and Dunn",+1-359-907-8403x9348,"5477 Cabrera Vista
North Rebecca, NC 71658"
8527,Michael Moore,Printmaker,rwatson@example.org,"Camacho, Torres and Dunn",+1-359-907-8403x9348,"5477 Cabrera Vista
North Rebecca, NC 71658"
8527,Michael Moore,Printmaker,rwatson@example.org,"Camacho, Torres and Dunn",+1-359-907-8403x9348,"5477 Cabrera Vista
North Rebecca, NC 71658"
8527,Michael Moore,Printmaker,rwatson@example.org,"Camacho, Torres and Dunn",+1-359-907-8403x9348,"5477 Cabrera Vista
North Rebecca, NC 71658"
8527,Michael Moore,Printmaker,rwatson@example.org,"Camacho, Torres and Dunn",+1-359-907-8403x9348,"5477 Cabrera Vista
North Rebecca, NC 71658"
8527,Michael Moore,Printmaker,rwatson@example.org,"Camacho, Torres and Dunn",+1-359-907-8403x9348,"5477 Cabrera Vista
North Rebecca, NC 71658"
8527,Michael Moore,Printmaker,rwatson@example.org,"Camacho, Torres and Dunn",+1-359-907-8403x9348,"5477 Cabrera Vista
North Rebecca, NC 71658"
8527,Michael Moore,Printmaker,rwatson@example.org,"Camacho, Torres and Dunn",+1-359-907-8403x9348,"5477 Cabrera Vista
North Rebecca, NC 71658"
8527,Michael Moore,Printmaker,rwatson@example.org,"Camacho, Torres and Dunn",+1-359-907-8403x9348,"5477 Cabrera Vista
North Rebecca, NC 71658"
8527,Michael Moore,Printmaker,rwatson@example.org,"Camacho, Torres and Dunn",+1-359-907-8403x9348,"5477 Cabrera Vista
North Rebecca, NC 71658"
8527,Michael Moore,Printmaker,rwatson@example.org,"Camacho, Torres and Dunn",+1-359-907-8403x9348,"5477 Cabrera Vista
North Rebecca, NC 71658"
8527,Michael Moore,Printmaker,rwatson@example.org,"Camacho, Torres and Dunn",+1-359-907-8403x9348,"5477 Cabrera Vista
North Rebecca, NC 71658"
8527,Michael Moore,Printmaker,rwatson@example.org,"Camacho, Torres and Dunn",+1-359-907-8403x9348,"5477 Cabrera Vista
North Rebecca, NC 71658"
8527,Michael Moore,Printmaker,rwatson@example.org,"Camacho, Torres and Dunn",+1-359-907-8403x9348,"5477 Cabrera Vista
North Rebecca, NC 71658"
8527,Michael Moore,Printmaker,rwatson@example.org,"Camacho, Torres and Dunn",+1-359-907-8403x9348,"5477 Cabrera Vista
North Rebecca, NC 71658"
8527,Michael Moore,Printmaker,rwatson@example.org,"Camacho, Torres and Dunn",+1-359-907-8403x9348,"5477 Cabrera Vista
North Rebecca, NC 71658"
8527,Michael Moore,Printmaker,rwatson@example.org,"Camacho, Torres and Dunn",+1-359-907-8403x9348,"5477 Cabrera Vista
North Rebecca, NC 71658"
8527,Michael Moore,Printmaker,rwatson@example.org,"Camacho, Torres and Dunn",+1-359-907-8403x9348,"5477 Cabrera Vista
North Rebecca, NC 71658"
8527,Michael Moore,Printmaker,rwatson@example.org,"Camacho, Torres and Dunn",+1-359-907-8403x9348,"5477 Cabrera Vista
North Rebecca, NC 71658"
8527,Michael Moore,Printmaker,rwatson@example.org,"Camacho, Torres and Dunn",+1-359-907-8403x9348,"5477 Cabrera Vista
North Rebecca, NC 71658"
8527,Michael Moore,Printmaker,rwatson@example.org,"Camacho, Torres and Dunn",+1-359-907-8403x9348,"5477 Cabrera Vista
North Rebecca, NC 71658"
8527,Michael Moore,Printmaker,rwatson@example.org,"Camacho, Torres and Dunn",+1-359-907-8403x9348,"5477 Cabrera Vista
North Rebecca, NC 71658"
8527,Michael Moore,Printmaker,rwatson@example.org,"Camacho, Torres and Dunn",+1-359-907-8403x9348,"5477 Cabrera Vista
North Rebecca, NC 71658"
8527,Michael Moore,Printmaker,rwatson@example.org,"Camacho, Torres and Dunn",+1-359-907-8403x9348,"5477 Cabrera Vista
North Rebecca, NC 71658"
8527,Michael Moore,Printmaker,rwatson@example.org,"Camacho, Torres and Dunn",+1-359-907-8403x9348,"5477 Cabrera Vista
North Rebecca, NC 71658"
8527,Michael Moore,Printmaker,rwatson@example.org,"Camacho, Torres and Dunn",+1-359-907-8403x9348,"5477 Cabrera Vista
North Rebecca, NC 71658"
8527,Michael Moore,Printmaker,rwatson@example.org,"Camacho, Torres and Dunn",+1-359-907-8403x9348,"5477 Cabrera Vista
North Rebecca, NC 71658"
8527,Michael Moore,Printmaker,rwatson@example.org,"Camacho, Torres and Dunn",+1-359-907-8403x9348,"5477 Cabrera Vista
North Rebecca, NC 71658"
8527,Michael Moore,Printmaker,rwatson@example.org,"Camacho, Torres and Dunn",+1-359-907-8403x9348,"5477 Cabrera Vista
North Rebecca, NC 71658"
8527,Michael Moore,Printmaker,rwatson@example.org,"Camacho, Torres and Dunn",+1-359-907-8403x9348,"5477 Cabrera Vista
North Rebecca, NC 71658"
8527,Michael Moore,Printmaker,rwatson@example.org,"Camacho, Torres and Dunn",+1-359-907-8403x9348,"5477 Cabrera Vista
North Rebecca, NC 71658"
8527,Michael Moore,Printmaker,rwatson@example.org,"Camacho, Torres and Dunn",+1-359-907-8403x9348,"5477 Cabrera Vista
North Rebecca, NC 71658"
8527,Michael Moore,Printmaker,rwatson@example.org,"Camacho, Torres and Dunn",+1-359-907-8403x9348,"5477 Cabrera Vista
North Rebecca, NC 71658"
8527,Michael Moore,Printmaker,rwatson@example.org,"Camacho, Torres and Dunn",+1-359-907-8403x9348,"5477 Cabrera Vista
North Rebecca, NC 71658"
8527,Michael Moore,Printmaker,rwatson@example.org,"Camacho, Torres and Dunn",+1-359-907-8403x9348,"5477 Cabrera Vista
North Rebecca, NC 71658"
8527,Michael Moore,Printmaker,rwatson@example.org,"Camacho, Torres and Dunn",+1-359-907-8403x9348,"5477 Cabrera Vista
North Rebecca, NC 71658"
8527,Michael Moore,Printmaker,rwatson@example.org,"Camacho, Torres and Dunn",+1-359-907-8403x9348,"5477 Cabrera Vista
North Rebecca, NC 71658"
8527,Michael Moore,Printmaker,rwatson@example.org,"Camacho, Torres and Dunn",+1-359-907-8403x9348,"5477 Cabrera Vista
North Rebecca, NC 71658"
8527,Michael Moore,Printmaker,rwatson@example.org,"Camacho, Torres and Dunn",+1-359-907-8403x9348,"5477 Cabrera Vista
North Rebecca, NC 71658"
8527,Michael Moore,Printmaker,rwatson@example.org,"Camacho, Torres and Dunn",+1-359-907-8403x9348,"5477 Cabrera Vista
North Rebecca, NC 71658"
8527,Michael Moore,Printmaker,rwatson@example.org,"Camacho, Torres and Dunn",+1-359-907-8403x9348,"5477 Cabrera Vista
North Rebecca, NC 71658"
8527,Michael Moore,Printmaker,rwatson@example.org,"Camacho, Torres and Dunn",+1-359-907-8403x9348,"5477 Cabrera Vista
North Rebecca, NC 71658"
8527,Michael Moore,Printmaker,rwatson@example.org,"Camacho, Torres and Dunn",+1-359-907-8403x9348,"5477 Cabrera Vista
North Rebecca, NC 71658"
8527,Michael Moore,Printmaker,rwatson@example.org,"Camacho, Torres and Dunn",+1-359-907-8403x9348,"5477 Cabrera Vista
North Rebecca, NC 71658"
8527,Michael Moore,Printmaker,rwatson@example.org,"Camacho, Torres and Dunn",+1-359-907-8403x9348,"5477 Cabrera Vista
North Rebecca, NC 71658"
8527,Michael Moore,Printmaker,rwatson@example.org,"Camacho, Torres and Dunn",+1-359-907-8403x9348,"5477 Cabrera Vista
North Rebecca, NC 71658"
8527,Michael Moore,Printmaker,rwatson@example.org,"Camacho, Torres and Dunn",+1-359-907-8403x9348,"5477 Cabrera Vista
North Rebecca, NC 71658"
8527,Michael Moore,Printmaker,rwatson@example.org,"Camacho, Torres and Dunn",+1-359-907-8403x9348,"5477 Cabrera Vista
North Rebecca, NC 71658"
8527,Michael Moore,Printmaker,rwatson@example.org,"Camacho, Torres and Dunn",+1-359-907-8403x9348,"5477 Cabrera Vista
North Rebecca, NC 71658"
8527,Michael Moore,Printmaker,rwatson@example.org,"Camacho, Torres and Dunn",+1-359-907-8403x9348,"5477 Cabrera Vista
North Rebecca, NC 71658"
8527,Michael Moore,Printmaker,rwatson@example.org,"Camacho, Torres and Dunn",+1-359-907-8403x9348,"5477 Cabrera Vista
North Rebecca, NC 71658"
8527,Michael Moore,Printmaker,rwatson@example.org,"Camacho, Torres and Dunn",+1-359-907-8403x9348,"5477 Cabrera Vista
North Rebecca, NC 71658"
8527,Michael Moore,Printmaker,rwatson@example.org,"Camacho, Torres and Dunn",+1-359-907-8403x9348,"5477 Cabrera Vista
North Rebecca, NC 71658"
8527,Michael Moore,Printmaker,rwatson@example.org,"Camacho, Torres and Dunn",+1-359-907-8403x9348,"5477 Cabrera Vista
North Rebecca, NC 71658"
8527,Michael Moore,Printmaker,rwatson@example.org,"Camacho, Torres and Dunn",+1-359-907-8403x9348,"5477 Cabrera Vista
North Rebecca, NC 71658"
8527,Michael Moore,Printmaker,rwatson@example.org,"Camacho, Torres and Dunn",+1-359-907-8403x9348,"5477 Cabrera Vista
North Rebecca, NC 71658"
8527,Michael Moore,Printmaker,rwatson@example.org,"Camacho, Torres and Dunn",+1-359-907-8403x9348,"5477 Cabrera Vista
North Rebecca, NC 71658"
8527,Michael Moore,Printmaker,rwatson@example.org,"Camacho, Torres and Dunn",+1-359-907-8403x9348,"5477 Cabrera Vista
North Rebecca, NC 71658"
8527,Michael Moore,Printmaker,rwatson@example.org,"Camacho, Torres and Dunn",+1-359-907-8403x9348,"5477 Cabrera Vista
North Rebecca, NC 71658"
8527,Michael Moore,Printmaker,rwatson@example.org,"Camacho, Torres and Dunn",+1-359-907-8403x9348,"5477 Cabrera Vista
North Rebecca, NC 71658"
8527,Michael Moore,Printmaker,rwatson@example.org,"Camacho, Torres and Dunn",+1-359-907-8403x9348,"5477 Cabrera Vista
North Rebecca, NC 71658"
8527,Michael Moore,Printmaker,rwatson@example.org,"Camacho, Torres and Dunn",+1-359-907-8403x9348,"5477 Cabrera Vista
North Rebecca, NC 71658"
8527,Michael Moore,Printmaker,rwatson@example.org,"Camacho, Torres and Dunn",+1-359-907-8403x9348,"5477 Cabrera Vista
North Rebecca, NC 71658"
8527,Michael Moore,Printmaker,rwatson@example.org,"Camacho, Torres and Dunn",+1-359-907-8403x9348,"5477 Cabrera Vista
North Rebecca, NC 71658"
8527,Michael Moore,Printmaker,rwatson@example.org,"Camacho, Torres and Dunn",+1-359-907-8403x9348,"5477 Cabrera Vista
North Rebecca, NC 71658"
8527,Michael Moore,Printmaker,rwatson@example.org,"Camacho, Torres and Dunn",+1-359-907-8403x9348,"5477 Cabrera Vista
North Rebecca, NC 71658"
8527,Michael Moore,Printmaker,rwatson@example.org,"Camacho, Torres and Dunn",+1-359-907-8403x9348,"5477 Cabrera Vista
North Rebecca, NC 71658"
8527,Michael Moore,Printmaker,rwatson@example.org,"Camacho, Torres and Dunn",+1-359-907-8403x9348,"5477 Cabrera Vista
North Rebecca, NC 71658"
8527,Michael Moore,Printmaker,rwatson@example.org,"Camacho, Torres and Dunn",+1-359-907-8403x9348,"5477 Cabrera Vista
North Rebecca, NC 71658"
8527,Michael Moore,Printmaker,rwatson@example.org,"Camacho, Torres and Dunn",+1-359-907-8403x9348,"5477 Cabrera Vista
North Rebecca, NC 71658"
8527,Michael Moore,Printmaker,rwatson@example.org,"Camacho, Torres and Dunn",+1-359-907-8403x9348,"5477 Cabrera Vista
North Rebecca, NC 71658"
8527,Michael Moore,Printmaker,rwatson@example.org,"Camacho, Torres and Dunn",+1-359-907-8403x9348,"5477 Cabrera Vista
North Rebecca, NC 71658"
8527,Michael Moore,Printmaker,rwatson@example.org,"Camacho, Torres and Dunn",+1-359-907-8403x9348,"5477 Cabrera Vista
North Rebecca, NC 71658"
8527,Michael Moore,Printmaker,rwatson@example.org,"Camacho, Torres and Dunn",+1-359-907-8403x9348,"5477 Cabrera Vista
North Rebecca, NC 71658"
8527,Michael Moore,Printmaker,rwatson@example.org,"Camacho, Torres and Dunn",+1-359-907-8403x9348,"5477 Cabrera Vista
North Rebecca, NC 71658"
8527,Michael Moore,Printmaker,rwatson@example.org,"Camacho, Torres and Dunn",+1-359-907-8403x9348,"5477 Cabrera Vista
North Rebecca, NC 71658"
8527,Michael Moore,Printmaker,rwatson@example.org,"Camacho, Torres and Dunn",+1-359-907-8403x9348,"5477 Cabrera Vista
North Rebecca, NC 71658"
8527,Michael Moore,Printmaker,rwatson@example.org,"Camacho, Torres and Dunn",+1-359-907-8403x9348,"5477 Cabrera Vista
North Rebecca, NC 71658"
8527,Michael Moore,Printmaker,rwatson@example.org,"Camacho, Torres and Dunn",+1-359-907-8403x9348,"5477 Cabrera Vista
North Rebecca, NC 71658"
8527,Michael Moore,Printmaker,rwatson@example.org,"Camacho, Torres and Dunn",+1-359-907-8403x9348,"5477 Cabrera Vista
North Rebecca, NC 71658"
8527,Michael Moore,Printmaker,rwatson@example.org,"Camacho, Torres and Dunn",+1-359-907-8403x9348,"5477 Cabrera Vista
North Rebecca, NC 71658"
8527,Michael Moore,Printmaker,rwatson@example.org,"Camacho, Torres and Dunn",+1-359-907-8403x9348,"5477 Cabrera Vista
North Rebecca, NC 71658"
8527,Michael Moore,Printmaker,rwatson@example.org,"Camacho, Torres and Dunn",+1-359-907-8403x9348,"5477 Cabrera Vista
North Rebecca, NC 71658"
8527,Michael Moore,Printmaker,rwatson@example.org,"Camacho, Torres and Dunn",+1-359-907-8403x9348,"5477 Cabrera Vista
North Rebecca, NC 71658"
8527,Michael Moore,Printmaker,rwatson@example.org,"Camacho, Torres and Dunn",+1-359-907-8403x9348,"5477 Cabrera Vista
North Rebecca, NC 71658"
8527,Michael Moore,Printmaker,rwatson@example.org,"Camacho, Torres and Dunn",+1-359-907-8403x9348,"5477 Cabrera Vista
North Rebecca, NC 71658"
8527,Michael Moore,Printmaker,rwatson@example.org,"Camacho, Torres and Dunn",+1-359-907-8403x9348,"5477 Cabrera Vista
North Rebecca, NC 71658"
8527,Michael Moore,Printmaker,rwatson@example.org,"Camacho, Torres and Dunn",+1-359-907-8403x9348,"5477 Cabrera Vista
North Rebecca, NC 71658"
8527,Michael Moore,Printmaker,rwatson@example.org,"Camacho, Torres and Dunn",+1-359-907-8403x9348,"5477 Cabrera Vista
North Rebecca, NC 71658"
8527,Michael Moore,Printmaker,rwatson@example.org,"Camacho, Torres and Dunn",+1-359-907-8403x9348,"5477 Cabrera Vista
North Rebecca, NC 71658"
8527,Michael Moore,Printmaker,rwatson@example.org,"Camacho, Torres and Dunn",+1-359-907-8403x9348,"5477 Cabrera Vista
North Rebecca, NC 71658"
8527,Michael Moore,Printmaker,rwatson@example.org,"Camacho, Torres and Dunn",+1-359-907-8403x9348,"5477 Cabrera Vista
North Rebecca, NC 71658"
8527,Michael Moore,Printmaker,rwatson@example.org,"Camacho, Torres and Dunn",+1-359-907-8403x9348,"5477 Cabrera Vista
North Rebecca, NC 71658"
8527,Michael Moore,Printmaker,rwatson@example.org,"Camacho, Torres and Dunn",+1-359-907-8403x9348,"5477 Cabrera Vista
North Rebecca, NC 71658"
8527,Michael Moore,Printmaker,rwatson@example.org,"Camacho, Torres and Dunn",+1-359-907-8403x9348,"5477 Cabrera Vista
North Rebecca, NC 71658"
8527,Michael Moore,Printmaker,rwatson@example.org,"Camacho, Torres and Dunn",+1-359-907-8403x9348,"5477 Cabrera Vista
North Rebecca, NC 71658"
8527,Michael Moore,Printmaker,rwatson@example.org,"Camacho, Torres and Dunn",+1-359-907-8403x9348,"5477 Cabrera Vista
North Rebecca, NC 71658"
8527,Michael Moore,Printmaker,rwatson@example.org,"Camacho, Torres and Dunn",+1-359-907-8403x9348,"5477 Cabrera Vista
North Rebecca, NC 71658"
8527,Michael Moore,Printmaker,rwatson@example.org,"Camacho, Torres and Dunn",+1-359-907-8403x9348,"5477 Cabrera Vista
North Rebecca, NC 71658"
8527,Michael Moore,Printmaker,rwatson@example.org,"Camacho, Torres and Dunn",+1-359-907-8403x9348,"5477 Cabrera Vista
North Rebecca, NC 71658"
8527,Michael Moore,Printmaker,rwatson@example.org,"Camacho, Torres and Dunn",+1-359-907-8403x9348,"5477 Cabrera Vista
North Rebecca, NC 71658"
8527,Michael Moore,Printmaker,rwatson@example.org,"Camacho, Torres and Dunn",+1-359-907-8403x9348,"5477 Cabrera Vista
North Rebecca, NC 71658"
8527,Michael Moore,Printmaker,rwatson@example.org,"Camacho, Torres and Dunn",+1-359-907-8403x9348,"5477 Cabrera Vista
North Rebecca, NC 71658"
8527,Michael Moore,Printmaker,rwatson@example.org,"Camacho, Torres and Dunn",+1-359-907-8403x9348,"5477 Cabrera Vista
North Rebecca, NC 71658"
8527,Michael Moore,Printmaker,rwatson@example.org,"Camacho, Torres and Dunn",+1-359-907-8403x9348,"5477 Cabrera Vista
North Rebecca, NC 71658"
8527,Michael Moore,Printmaker,rwatson@example.org,"Camacho, Torres and Dunn",+1-359-907-8403x9348,"5477 Cabrera Vista
North Rebecca, NC 71658"
8527,Michael Moore,Printmaker,rwatson@example.org,"Camacho, Torres and Dunn",+1-359-907-8403x9348,"5477 Cabrera Vista
North Rebecca, NC 71658"
8527,Michael Moore,Printmaker,rwatson@example.org,"Camacho, Torres and Dunn",+1-359-907-8403x9348,"5477 Cabrera Vista
North Rebecca, NC 71658"
8527,Michael Moore,Printmaker,rwatson@example.org,"Camacho, Torres and Dunn",+1-359-907-8403x9348,"5477 Cabrera Vista
North Rebecca, NC 71658"
8527,Michael Moore,Printmaker,rwatson@example.org,"Camacho, Torres and Dunn",+1-359-907-8403x9348,"5477 Cabrera Vista
North Rebecca, NC 71658"
8527,Michael Moore,Printmaker,rwatson@example.org,"Camacho, Torres and Dunn",+1-359-907-8403x9348,"5477 Cabrera Vista
North Rebecca, NC 71658"
8527,Michael Moore,Printmaker,rwatson@example.org,"Camacho, Torres and Dunn",+1-359-907-8403x9348,"5477 Cabrera Vista
North Rebecca, NC 71658"
8527,Michael Moore,Printmaker,rwatson@example.org,"Camacho, Torres and Dunn",+1-359-907-8403x9348,"5477 Cabrera Vista
North Rebecca, NC 71658"
8527,Michael Moore,Printmaker,rwatson@example.org,"Camacho, Torres and Dunn",+1-359-907-8403x9348,"5477 Cabrera Vista
North Rebecca, NC 71658"
8527,Michael Moore,Printmaker,rwatson@example.org,"Camacho, Torres and Dunn",+1-359-907-8403x9348,"5477 Cabrera Vista
North Rebecca, NC 71658"
8527,Michael Moore,Printmaker,rwatson@example.org,"Camacho, Torres and Dunn",+1-359-907-8403x9348,"5477 Cabrera Vista
North Rebecca, NC 71658"
8527,Michael Moore,Printmaker,rwatson@example.org,"Camacho, Torres and Dunn",+1-359-907-8403x9348,"5477 Cabrera Vista
North Rebecca, NC 71658"
8527,Michael Moore,Printmaker,rwatson@example.org,"Camacho, Torres and Dunn",+1-359-907-8403x9348,"5477 Cabrera Vista
North Rebecca, NC 71658"
8527,Michael Moore,Printmaker,rwatson@example.org,"Camacho, Torres and Dunn",+1-359-907-8403x9348,"5477 Cabrera Vista
North Rebecca, NC 71658"
8527,Michael Moore,Printmaker,rwatson@example.org,"Camacho, Torres and Dunn",+1-359-907-8403x9348,"5477 Cabrera Vista
North Rebecca, NC 71658"
8527,Michael Moore,Printmaker,rwatson@example.org,"Camacho, Torres and Dunn",+1-359-907-8403x9348,"5477 Cabrera Vista
North Rebecca, NC 71658"
8527,Michael Moore,Printmaker,rwatson@example.org,"Camacho, Torres and Dunn",+1-359-907-8403x9348,"5477 Cabrera Vista
North Rebecca, NC 71658"
8527,Michael Moore,Printmaker,rwatson@example.org,"Camacho, Torres and Dunn",+1-359-907-8403x9348,"5477 Cabrera Vista
North Rebecca, NC 71658"
8527,Michael Moore,Printmaker,rwatson@example.org,"Camacho, Torres and Dunn",+1-359-907-8403x9348,"5477 Cabrera Vista
North Rebecca, NC 71658"
8527,Michael Moore,Printmaker,rwatson@example.org,"Camacho, Torres and Dunn",+1-359-907-8403x9348,"5477 Cabrera Vista
North Rebecca, NC 71658"
8527,Michael Moore,Printmaker,rwatson@example.org,"Camacho, Torres and Dunn",+1-359-907-8403x9348,"5477 Cabrera Vista
North Rebecca, NC 71658"
8527,Michael Moore,Printmaker,rwatson@example.org,"Camacho, Torres and Dunn",+1-359-907-8403x9348,"5477 Cabrera Vista
North Rebecca, NC 71658"
8527,Michael Moore,Printmaker,rwatson@example.org,"Camacho, Torres and Dunn",+1-359-907-8403x9348,"5477 Cabrera Vista
North Rebecca, NC 71658"
8527,Michael Moore,Printmaker,rwatson@example.org,"Camacho, Torres and Dunn",+1-359-907-8403x9348,"5477 Cabrera Vista
North Rebecca, NC 71658"
8527,Michael Moore,Printmaker,rwatson@example.org,"Camacho, Torres and Dunn",+1-359-907-8403x9348,"5477 Cabrera Vista
North Rebecca, NC 71658"
8527,Michael Moore,Printmaker,rwatson@example.org,"Camacho, Torres and Dunn",+1-359-907-8403x9348,"5477 Cabrera Vista
North Rebecca, NC 71658"
8527,Michael Moore,Printmaker,rwatson@example.org,"Camacho, Torres and Dunn",+1-359-907-8403x9348,"5477 Cabrera Vista
North Rebecca, NC 71658"
8527,Michael Moore,Printmaker,rwatson@example.org,"Camacho, Torres and Dunn",+1-359-907-8403x9348,"5477 Cabrera Vista
North Rebecca, NC 71658"
8527,Michael Moore,Printmaker,rwatson@example.org,"Camacho, Torres and Dunn",+1-359-907-8403x9348,"5477 Cabrera Vista
North Rebecca, NC 71658"
8527,Michael Moore,Printmaker,rwatson@example.org,"Camacho, Torres and Dunn",+1-359-907-8403x9348,"5477 Cabrera Vista
North Rebecca, NC 71658"
8527,Michael Moore,Printmaker,rwatson@example.org,"Camacho, Torres and Dunn",+1-359-907-8403x9348,"5477 Cabrera Vista
North Rebecca, NC 71658"
8527,Michael Moore,Printmaker,rwatson@example.org,"Camacho, Torres and Dunn",+1-359-907-8403x9348,"5477 Cabrera Vista
North Rebecca, NC 71658"
8527,Michael Moore,Printmaker,rwatson@example.org,"Camacho, Torres and Dunn",+1-359-907-8403x9348,"5477 Cabrera Vista
North Rebecca, NC 71658"
8527,Michael Moore,Printmaker,rwatson@example.org,"Camacho, Torres and Dunn",+1-359-907-8403x9348,"5477 Cabrera Vista
North Rebecca, NC 71658"
8527,Michael Moore,Printmaker,rwatson@example.org,"Camacho, Torres and Dunn",+1-359-907-8403x9348,"5477 Cabrera Vista
North Rebecca, NC 71658"
8527,Michael Moore,Printmaker,rwatson@example.org,"Camacho, Torres and Dunn",+1-359-907-8403x9348,"5477 Cabrera Vista
North Rebecca, NC 71658"
8527,Michael Moore,Printmaker,rwatson@example.org,"Camacho, Torres and Dunn",+1-359-907-8403x9348,"5477 Cabrera Vista
North Rebecca, NC 71658"
8527,Michael Moore,Printmaker,rwatson@example.org,"Camacho, Torres and Dunn",+1-359-907-8403x9348,"5477 Cabrera Vista
North Rebecca, NC 71658"
8527,Michael Moore,Printmaker,rwatson@example.org,"Camacho, Torres and Dunn",+1-359-907-8403x9348,"5477 Cabrera Vista
North Rebecca, NC 71658"
8527,Michael Moore,Printmaker,rwatson@example.org,"Camacho, Torres and Dunn",+1-359-907-8403x9348,"5477 Cabrera Vista
North Rebecca, NC 71658"
8527,Michael Moore,Printmaker,rwatson@example.org,"Camacho, Torres and Dunn",+1-359-907-8403x9348,"5477 Cabrera Vista
North Rebecca, NC 71658"
8527,Michael Moore,Printmaker,rwatson@example.org,"Camacho, Torres and Dunn",+1-359-907-8403x9348,"5477 Cabrera Vista
North Rebecca, NC 71658"
8527,Michael Moore,Printmaker,rwatson@example.org,"Camacho, Torres and Dunn",+1-359-907-8403x9348,"5477 Cabrera Vista
North Rebecca, NC 71658"
8527,Michael Moore,Printmaker,rwatson@example.org,"Camacho, Torres and Dunn",+1-359-907-8403x9348,"5477 Cabrera Vista
North Rebecca, NC 71658"
8527,Michael Moore,Printmaker,rwatson@example.org,"Camacho, Torres and Dunn",+1-359-907-8403x9348,"5477 Cabrera Vista
North Rebecca, NC 71658"
8527,Michael Moore,Printmaker,rwatson@example.org,"Camacho, Torres and Dunn",+1-359-907-8403x9348,"5477 Cabrera Vista
North Rebecca, NC 71658"
8527,Michael Moore,Printmaker,rwatson@example.org,"Camacho, Torres and Dunn",+1-359-907-8403x9348,"5477 Cabrera Vista
North Rebecca, NC 71658"
8527,Michael Moore,Printmaker,rwatson@example.org,"Camacho, Torres and Dunn",+1-359-907-8403x9348,"5477 Cabrera Vista
North Rebecca, NC 71658"
8527,Michael Moore,Printmaker,rwatson@example.org,"Camacho, Torres and Dunn",+1-359-907-8403x9348,"5477 Cabrera Vista
North Rebecca, NC 71658"
8527,Michael Moore,Printmaker,rwatson@example.org,"Camacho, Torres and Dunn",+1-359-907-8403x9348,"5477 Cabrera Vista
North Rebecca, NC 71658"
8527,Michael Moore,Printmaker,rwatson@example.org,"Camacho, Torres and Dunn",+1-359-907-8403x9348,"5477 Cabrera Vista
North Rebecca, NC 71658"
8527,Michael Moore,Printmaker,rwatson@example.org,"Camacho, Torres and Dunn",+1-359-907-8403x9348,"5477 Cabrera Vista
North Rebecca, NC 71658"
8527,Michael Moore,Printmaker,rwatson@example.org,"Camacho, Torres and Dunn",+1-359-907-8403x9348,"5477 Cabrera Vista
North Rebecca, NC 71658"
8527,Michael Moore,Printmaker,rwatson@example.org,"Camacho, Torres and Dunn",+1-359-907-8403x9348,"5477 Cabrera Vista
North Rebecca, NC 71658"
8527,Michael Moore,Printmaker,rwatson@example.org,"Camacho, Torres and Dunn",+1-359-907-8403x9348,"5477 Cabrera Vista
North Rebecca, NC 71658"
8527,Michael Moore,Printmaker,rwatson@example.org,"Camacho, Torres and Dunn",+1-359-907-8403x9348,"5477 Cabrera Vista
North Rebecca, NC 71658"
8527,Michael Moore,Printmaker,rwatson@example.org,"Camacho, Torres and Dunn",+1-359-907-8403x9348,"5477 Cabrera Vista
North Rebecca, NC 71658"
8527,Michael Moore,Printmaker,rwatson@example.org,"Camacho, Torres and Dunn",+1-359-907-8403x9348,"5477 Cabrera Vista
North Rebecca, NC 71658"
8527,Michael Moore,Printmaker,rwatson@example.org,"Camacho, Torres and Dunn",+1-359-907-8403x9348,"5477 Cabrera Vista
North Rebecca, NC 71658"
8527,Michael Moore,Printmaker,rwatson@example.org,"Camacho, Torres and Dunn",+1-359-907-8403x9348,"5477 Cabrera Vista
North Rebecca, NC 71658"
8527,Michael Moore,Printmaker,rwatson@example.org,"Camacho, Torres and Dunn",+1-359-907-8403x9348,"5477 Cabrera Vista
North Rebecca, NC 71658"
8527,Michael Moore,Printmaker,rwatson@example.org,"Camacho, Torres and Dunn",+1-359-907-8403x9348,"5477 Cabrera Vista
North Rebecca, NC 71658"
8527,Michael Moore,Printmaker,rwatson@example.org,"Camacho, Torres and Dunn",+1-359-907-8403x9348,"5477 Cabrera Vista
North Rebecca, NC 71658"
8527,Michael Moore,Printmaker,rwatson@example.org,"Camacho, Torres and Dunn",+1-359-907-8403x9348,"5477 Cabrera Vista
North Rebecca, NC 71658"
8527,Michael Moore,Printmaker,rwatson@example.org,"Camacho, Torres and Dunn",+1-359-907-8403x9348,"5477 Cabrera Vista
North Rebecca, NC 71658"
8527,Michael Moore,Printmaker,rwatson@example.org,"Camacho, Torres and Dunn",+1-359-907-8403x9348,"5477 Cabrera Vista
North Rebecca, NC 71658"
8527,Michael Moore,Printmaker,rwatson@example.org,"Camacho, Torres and Dunn",+1-359-907-8403x9348,"5477 Cabrera Vista
North Rebecca, NC 71658"
8527,Michael Moore,Printmaker,rwatson@example.org,"Camacho, Torres and Dunn",+1-359-907-8403x9348,"5477 Cabrera Vista
North Rebecca, NC 71658"
8527,Michael Moore,Printmaker,rwatson@example.org,"Camacho, Torres and Dunn",+1-359-907-8403x9348,"5477 Cabrera Vista
North Rebecca, NC 71658"
8527,Michael Moore,Printmaker,rwatson@example.org,"Camacho, Torres and Dunn",+1-359-907-8403x9348,"5477 Cabrera Vista
North Rebecca, NC 71658"
8527,Michael Moore,Printmaker,rwatson@example.org,"Camacho, Torres and Dunn",+1-359-907-8403x9348,"5477 Cabrera Vista
North Rebecca, NC 71658"
8527,Michael Moore,Printmaker,rwatson@example.org,"Camacho, Torres and Dunn",+1-359-907-8403x9348,"5477 Cabrera Vista
North Rebecca, NC 71658"
8527,Michael Moore,Printmaker,rwatson@example.org,"Camacho, Torres and Dunn",+1-359-907-8403x9348,"5477 Cabrera Vista
North Rebecca, NC 71658"
8527,Michael Moore,Printmaker,rwatson@example.org,"Camacho, Torres and Dunn",+1-359-907-8403x9348,"5477 Cabrera Vista
North Rebecca, NC 71658"
8527,Michael Moore,Printmaker,rwatson@example.org,"Camacho, Torres and Dunn",+1-359-907-8403x9348,"5477 Cabrera Vista
North Rebecca, NC 71658"
8527,Michael Moore,Printmaker,rwatson@example.org,"Camacho, Torres and Dunn",+1-359-907-8403x9348,"5477 Cabrera Vista
North Rebecca, NC 71658"
8527,Michael Moore,Printmaker,rwatson@example.org,"Camacho, Torres and Dunn",+1-359-907-8403x9348,"5477 Cabrera Vista
North Rebecca, NC 71658"
8527,Michael Moore,Printmaker,rwatson@example.org,"Camacho, Torres and Dunn",+1-359-907-8403x9348,"5477 Cabrera Vista
North Rebecca, NC 71658"
8527,Michael Moore,Printmaker,rwatson@example.org,"Camacho, Torres and Dunn",+1-359-907-8403x9348,"5477 Cabrera Vista
North Rebecca, NC 71658"
8527,Michael Moore,Printmaker,rwatson@example.org,"Camacho, Torres and Dunn",+1-359-907-8403x9348,"5477 Cabrera Vista
North Rebecca, NC 71658"
8527,Michael Moore,Printmaker,rwatson@example.org,"Camacho, Torres and Dunn",+1-359-907-8403x9348,"5477 Cabrera Vista
North Rebecca, NC 71658"
8527,Michael Moore,Printmaker,rwatson@example.org,"Camacho, Torres and Dunn",+1-359-907-8403x9348,"5477 Cabrera Vista
North Rebecca, NC 71658"
8527,Michael Moore,Printmaker,rwatson@example.org,"Camacho, Torres and Dunn",+1-359-907-8403x9348,"5477 Cabrera Vista
North Rebecca, NC 71658"
8527,Michael Moore,Printmaker,rwatson@example.org,"Camacho, Torres and Dunn",+1-359-907-8403x9348,"5477 Cabrera Vista
North Rebecca, NC 71658"
8527,Michael Moore,Printmaker,rwatson@example.org,"Camacho, Torres and Dunn",+1-359-907-8403x9348,"5477 Cabrera Vista
North Rebecca, NC 71658"
8527,Michael Moore,Printmaker,rwatson@example.org,"Camacho, Torres and Dunn",+1-359-907-8403x9348,"5477 Cabrera Vista
North Rebecca, NC 71658"
8527,Michael Moore,Printmaker,rwatson@example.org,"Camacho, Torres and Dunn",+1-359-907-8403x9348,"5477 Cabrera Vista
North Rebecca, NC 71658"
8527,Michael Moore,Printmaker,rwatson@example.org,"Camacho, Torres and Dunn",+1-359-907-8403x9348,"5477 Cabrera Vista
North Rebecca, NC 71658"
8527,Michael Moore,Printmaker,rwatson@example.org,"Camacho, Torres and Dunn",+1-359-907-8403x9348,"5477 Cabrera Vista
North Rebecca, NC 71658"
8527,Michael Moore,Printmaker,rwatson@example.org,"Camacho, Torres and Dunn",+1-359-907-8403x9348,"5477 Cabrera Vista
North Rebecca, NC 71658"
8527,Michael Moore,Printmaker,rwatson@example.org,"Camacho, Torres and Dunn",+1-359-907-8403x9348,"5477 Cabrera Vista
North Rebecca, NC 71658"
8527,Michael Moore,Printmaker,rwatson@example.org,"Camacho, Torres and Dunn",+1-359-907-8403x9348,"5477 Cabrera Vista
North Rebecca, NC 71658"
8527,Michael Moore,Printmaker,rwatson@example.org,"Camacho, Torres and Dunn",+1-359-907-8403x9348,"5477 Cabrera Vista
North Rebecca, NC 71658"
8527,Michael Moore,Printmaker,rwatson@example.org,"Camacho, Torres and Dunn",+1-359-907-8403x9348,"5477 Cabrera Vista
North Rebecca, NC 71658"
8527,Michael Moore,Printmaker,rwatson@example.org,"Camacho, Torres and Dunn",+1-359-907-8403x9348,"5477 Cabrera Vista
North Rebecca, NC 71658"
8527,Michael Moore,Printmaker,rwatson@example.org,"Camacho, Torres and Dunn",+1-359-907-8403x9348,"5477 Cabrera Vista
North Rebecca, NC 71658"
8527,Michael Moore,Printmaker,rwatson@example.org,"Camacho, Torres and Dunn",+1-359-907-8403x9348,"5477 Cabrera Vista
North Rebecca, NC 71658"
8527,Michael Moore,Printmaker,rwatson@example.org,"Camacho, Torres and Dunn",+1-359-907-8403x9348,"5477 Cabrera Vista
North Rebecca, NC 71658"
8527,Michael Moore,Printmaker,rwatson@example.org,"Camacho, Torres and Dunn",+1-359-907-8403x9348,"5477 Cabrera Vista
North Rebecca, NC 71658"
8527,Michael Moore,Printmaker,rwatson@example.org,"Camacho, Torres and Dunn",+1-359-907-8403x9348,"5477 Cabrera Vista
North Rebecca, NC 71658"
8527,Michael Moore,Printmaker,rwatson@example.org,"Camacho, Torres and Dunn",+1-359-907-8403x9348,"5477 Cabrera Vista
North Rebecca, NC 71658"
8527,Michael Moore,Printmaker,rwatson@example.org,"Camacho, Torres and Dunn",+1-359-907-8403x9348,"5477 Cabrera Vista
North Rebecca, NC 71658"
8527,Michael Moore,Printmaker,rwatson@example.org,"Camacho, Torres and Dunn",+1-359-907-8403x9348,"5477 Cabrera Vista
North Rebecca, NC 71658"
8527,Michael Moore,Printmaker,rwatson@example.org,"Camacho, Torres and Dunn",+1-359-907-8403x9348,"5477 Cabrera Vista
North Rebecca, NC 71658"
8527,Michael Moore,Printmaker,rwatson@example.org,"Camacho, Torres and Dunn",+1-359-907-8403x9348,"5477 Cabrera Vista
North Rebecca, NC 71658"
8527,Michael Moore,Printmaker,rwatson@example.org,"Camacho, Torres and Dunn",+1-359-907-8403x9348,"5477 Cabrera Vista
North Rebecca, NC 71658"
8527,Michael Moore,Printmaker,rwatson@example.org,"Camacho, Torres and Dunn",+1-359-907-8403x9348,"5477 Cabrera Vista
North Rebecca, NC 71658"
8527,Michael Moore,Printmaker,rwatson@example.org,"Camacho, Torres and Dunn",+1-359-907-8403x9348,"5477 Cabrera Vista
North Rebecca, NC 71658"
8527,Michael Moore,Printmaker,rwatson@example.org,"Camacho, Torres and Dunn",+1-359-907-8403x9348,"5477 Cabrera Vista
North Rebecca, NC 71658"
8527,Michael Moore,Printmaker,rwatson@example.org,"Camacho, Torres and Dunn",+1-359-907-8403x9348,"5477 Cabrera Vista
North Rebecca, NC 71658"
8527,Michael Moore,Printmaker,rwatson@example.org,"Camacho, Torres and Dunn",+1-359-907-8403x9348,"5477 Cabrera Vista
North Rebecca, NC 71658"
8527,Michael Moore,Printmaker,rwatson@example.org,"Camacho, Torres and Dunn",+1-359-907-8403x9348,"5477 Cabrera Vista
North Rebecca, NC 71658"
8527,Michael Moore,Printmaker,rwatson@example.org,"Camacho, Torres and Dunn",+1-359-907-8403x9348,"5477 Cabrera Vista
North Rebecca, NC 71658"
8527,Michael Moore,Printmaker,rwatson@example.org,"Camacho, Torres and Dunn",+1-359-907-8403x9348,"5477 Cabrera Vista
North Rebecca, NC 71658"
8527,Michael Moore,Printmaker,rwatson@example.org,"Camacho, Torres and Dunn",+1-359-907-8403x9348,"5477 Cabrera Vista
North Rebecca, NC 71658"
8527,Michael Moore,Printmaker,rwatson@example.org,"Camacho, Torres and Dunn",+1-359-907-8403x9348,"5477 Cabrera Vista
North Rebecca, NC 71658"
8527,Michael Moore,Printmaker,rwatson@example.org,"Camacho, Torres and Dunn",+1-359-907-8403x9348,"5477 Cabrera Vista
North Rebecca, NC 71658"
8527,Michael Moore,Printmaker,rwatson@example.org,"Camacho, Torres and Dunn",+1-359-907-8403x9348,"5477 Cabrera Vista
North Rebecca, NC 71658"
8527,Michael Moore,Printmaker,rwatson@example.org,"Camacho, Torres and Dunn",+1-359-907-8403x9348,"5477 Cabrera Vista
North Rebecca, NC 71658"
8527,Michael Moore,Printmaker,rwatson@example.org,"Camacho, Torres and Dunn",+1-359-907-8403x9348,"5477 Cabrera Vista
North Rebecca, NC 71658"
8527,Michael Moore,Printmaker,rwatson@example.org,"Camacho, Torres and Dunn",+1-359-907-8403x9348,"5477 Cabrera Vista
North Rebecca, NC 71658"
8527,Michael Moore,Printmaker,rwatson@example.org,"Camacho, Torres and Dunn",+1-359-907-8403x9348,"5477 Cabrera Vista
North Rebecca, NC 71658"
8527,Michael Moore,Printmaker,rwatson@example.org,"Camacho, Torres and Dunn",+1-359-907-8403x9348,"5477 Cabrera Vista
North Rebecca, NC 71658"
8527,Michael Moore,Printmaker,rwatson@example.org,"Camacho, Torres and Dunn",+1-359-907-8403x9348,"5477 Cabrera Vista
North Rebecca, NC 71658"
8527,Michael Moore,Printmaker,rwatson@example.org,"Camacho, Torres and Dunn",+1-359-907-8403x9348,"5477 Cabrera Vista
North Rebecca, NC 71658"
8527,Michael Moore,Printmaker,rwatson@example.org,"Camacho, Torres and Dunn",+1-359-907-8403x9348,"5477 Cabrera Vista
North Rebecca, NC 71658"
8527,Michael Moore,Printmaker,rwatson@example.org,"Camacho, Torres and Dunn",+1-359-907-8403x9348,"5477 Cabrera Vista
North Rebecca, NC 71658"
8527,Michael Moore,Printmaker,rwatson@example.org,"Camacho, Torres and Dunn",+1-359-907-8403x9348,"5477 Cabrera Vista
North Rebecca, NC 71658"
8527,Michael Moore,Printmaker,rwatson@example.org,"Camacho, Torres and Dunn",+1-359-907-8403x9348,"5477 Cabrera Vista
North Rebecca, NC 71658"
8527,Michael Moore,Printmaker,rwatson@example.org,"Camacho, Torres and Dunn",+1-359-907-8403x9348,"5477 Cabrera Vista
North Rebecca, NC 71658"
8527,Michael Moore,Printmaker,rwatson@example.org,"Camacho, Torres and Dunn",+1-359-907-8403x9348,"5477 Cabrera Vista
North Rebecca, NC 71658"
8527,Michael Moore,Printmaker,rwatson@example.org,"Camacho, Torres and Dunn",+1-359-907-8403x9348,"5477 Cabrera Vista
North Rebecca, NC 71658"
8527,Michael Moore,Printmaker,rwatson@example.org,"Camacho, Torres and Dunn",+1-359-907-8403x9348,"5477 Cabrera Vista
North Rebecca, NC 71658"
8527,Michael Moore,Printmaker,rwatson@example.org,"Camacho, Torres and Dunn",+1-359-907-8403x9348,"5477 Cabrera Vista
North Rebecca, NC 71658"
8527,Michael Moore,Printmaker,rwatson@example.org,"Camacho, Torres and Dunn",+1-359-907-8403x9348,"5477 Cabrera Vista
North Rebecca, NC 71658"
8527,Michael Moore,Printmaker,rwatson@example.org,"Camacho, Torres and Dunn",+1-359-907-8403x9348,"5477 Cabrera Vista
North Rebecca, NC 71658"
8527,Michael Moore,Printmaker,rwatson@example.org,"Camacho, Torres and Dunn",+1-359-907-8403x9348,"5477 Cabrera Vista
North Rebecca, NC 71658"
8527,Michael Moore,Printmaker,rwatson@example.org,"Camacho, Torres and Dunn",+1-359-907-8403x9348,"5477 Cabrera Vista
North Rebecca, NC 71658"
8527,Michael Moore,Printmaker,rwatson@example.org,"Camacho, Torres and Dunn",+1-359-907-8403x9348,"5477 Cabrera Vista
North Rebecca, NC 71658"
8527,Michael Moore,Printmaker,rwatson@example.org,"Camacho, Torres and Dunn",+1-359-907-8403x9348,"5477 Cabrera Vista
North Rebecca, NC 71658"
8527,Michael Moore,Printmaker,rwatson@example.org,"Camacho, Torres and Dunn",+1-359-907-8403x9348,"5477 Cabrera Vista
North Rebecca, NC 71658"
8527,Michael Moore,Printmaker,rwatson@example.org,"Camacho, Torres and Dunn",+1-359-907-8403x9348,"5477 Cabrera Vista
North Rebecca, NC 71658"
8527,Michael Moore,Printmaker,rwatson@example.org,"Camacho, Torres and Dunn",+1-359-907-8403x9348,"5477 Cabrera Vista
North Rebecca, NC 71658"
8527,Michael Moore,Printmaker,rwatson@example.org,"Camacho, Torres and Dunn",+1-359-907-8403x9348,"5477 Cabrera Vista
North Rebecca, NC 71658"
8527,Michael Moore,Printmaker,rwatson@example.org,"Camacho, Torres and Dunn",+1-359-907-8403x9348,"5477 Cabrera Vista
North Rebecca, NC 71658"
8527,Michael Moore,Printmaker,rwatson@example.org,"Camacho, Torres and Dunn",+1-359-907-8403x9348,"5477 Cabrera Vista
North Rebecca, NC 71658"
8527,Michael Moore,Printmaker,rwatson@example.org,"Camacho, Torres and Dunn",+1-359-907-8403x9348,"5477 Cabrera Vista
North Rebecca, NC 71658"
8527,Michael Moore,Printmaker,rwatson@example.org,"Camacho, Torres and Dunn",+1-359-907-8403x9348,"5477 Cabrera Vista
North Rebecca, NC 71658"
8527,Michael Moore,Printmaker,rwatson@example.org,"Camacho, Torres and Dunn",+1-359-907-8403x9348,"5477 Cabrera Vista
North Rebecca, NC 71658"
8527,Michael Moore,Printmaker,rwatson@example.org,"Camacho, Torres and Dunn",+1-359-907-8403x9348,"5477 Cabrera Vista
North Rebecca, NC 71658"
8527,Michael Moore,Printmaker,rwatson@example.org,"Camacho, Torres and Dunn",+1-359-907-8403x9348,"5477 Cabrera Vista
North Rebecca, NC 71658"
8527,Michael Moore,Printmaker,rwatson@example.org,"Camacho, Torres and Dunn",+1-359-907-8403x9348,"5477 Cabrera Vista
North Rebecca, NC 71658"
8527,Michael Moore,Printmaker,rwatson@example.org,"Camacho, Torres and Dunn",+1-359-907-8403x9348,"5477 Cabrera Vista
North Rebecca, NC 71658"
8527,Michael Moore,Printmaker,rwatson@example.org,"Camacho, Torres and Dunn",+1-359-907-8403x9348,"5477 Cabrera Vista
North Rebecca, NC 71658"
8527,Michael Moore,Printmaker,rwatson@example.org,"Camacho, Torres and Dunn",+1-359-907-8403x9348,"5477 Cabrera Vista
North Rebecca, NC 71658"
8527,Michael Moore,Printmaker,rwatson@example.org,"Camacho, Torres and Dunn",+1-359-907-8403x9348,"5477 Cabrera Vista
North Rebecca, NC 71658"
8527,Michael Moore,Printmaker,rwatson@example.org,"Camacho, Torres and Dunn",+1-359-907-8403x9348,"5477 Cabrera Vista
North Rebecca, NC 71658"
8527,Michael Moore,Printmaker,rwatson@example.org,"Camacho, Torres and Dunn",+1-359-907-8403x9348,"5477 Cabrera Vista
North Rebecca, NC 71658"
8527,Michael Moore,Printmaker,rwatson@example.org,"Camacho, Torres and Dunn",+1-359-907-8403x9348,"5477 Cabrera Vista
North Rebecca, NC 71658"
8527,Michael Moore,Printmaker,rwatson@example.org,"Camacho, Torres and Dunn",+1-359-907-8403x9348,"5477 Cabrera Vista
North Rebecca, NC 71658"
8527,Michael Moore,Printmaker,rwatson@example.org,"Camacho, Torres and Dunn",+1-359-907-8403x9348,"5477 Cabrera Vista
North Rebecca, NC 71658"
8527,Michael Moore,Printmaker,rwatson@example.org,"Camacho, Torres and Dunn",+1-359-907-8403x9348,"5477 Cabrera Vista
North Rebecca, NC 71658"
8527,Michael Moore,Printmaker,rwatson@example.org,"Camacho, Torres and Dunn",+1-359-907-8403x9348,"5477 Cabrera Vista
North Rebecca, NC 71658"
8527,Michael Moore,Printmaker,rwatson@example.org,"Camacho, Torres and Dunn",+1-359-907-8403x9348,"5477 Cabrera Vista
North Rebecca, NC 71658"
8527,Michael Moore,Printmaker,rwatson@example.org,"Camacho, Torres and Dunn",+1-359-907-8403x9348,"5477 Cabrera Vista
North Rebecca, NC 71658"
8527,Michael Moore,Printmaker,rwatson@example.org,"Camacho, Torres and Dunn",+1-359-907-8403x9348,"5477 Cabrera Vista
North Rebecca, NC 71658"
8527,Michael Moore,Printmaker,rwatson@example.org,"Camacho, Torres and Dunn",+1-359-907-8403x9348,"5477 Cabrera Vista
North Rebecca, NC 71658"
8527,Michael Moore,Printmaker,rwatson@example.org,"Camacho, Torres and Dunn",+1-359-907-8403x9348,"5477 Cabrera Vista
North Rebecca, NC 71658"
8527,Michael Moore,Printmaker,rwatson@example.org,"Camacho, Torres and Dunn",+1-359-907-8403x9348,"5477 Cabrera Vista
North Rebecca, NC 71658"
8527,Michael Moore,Printmaker,rwatson@example.org,"Camacho, Torres and Dunn",+1-359-907-8403x9348,"5477 Cabrera Vista
North Rebecca, NC 71658"
8527,Michael Moore,Printmaker,rwatson@example.org,"Camacho, Torres and Dunn",+1-359-907-8403x9348,"5477 Cabrera Vista
North Rebecca, NC 71658"
8527,Michael Moore,Printmaker,rwatson@example.org,"Camacho, Torres and Dunn",+1-359-907-8403x9348,"5477 Cabrera Vista
North Rebecca, NC 71658"
8527,Michael Moore,Printmaker,rwatson@example.org,"Camacho, Torres and Dunn",+1-359-907-8403x9348,"5477 Cabrera Vista
North Rebecca, NC 71658"
8527,Michael Moore,Printmaker,rwatson@example.org,"Camacho, Torres and Dunn",+1-359-907-8403x9348,"5477 Cabrera Vista
North Rebecca, NC 71658"
8527,Michael Moore,Printmaker,rwatson@example.org,"Camacho, Torres and Dunn",+1-359-907-8403x9348,"5477 Cabrera Vista
North Rebecca, NC 71658"
8527,Michael Moore,Printmaker,rwatson@example.org,"Camacho, Torres and Dunn",+1-359-907-8403x9348,"5477 Cabrera Vista
North Rebecca, NC 71658"
8527,Michael Moore,Printmaker,rwatson@example.org,"Camacho, Torres and Dunn",+1-359-907-8403x9348,"5477 Cabrera Vista
North Rebecca, NC 71658"
8527,Michael Moore,Printmaker,rwatson@example.org,"Camacho, Torres and Dunn",+1-359-907-8403x9348,"5477 Cabrera Vista
North Rebecca, NC 71658"
8527,Michael Moore,Printmaker,rwatson@example.org,"Camacho, Torres and Dunn",+1-359-907-8403x9348,"5477 Cabrera Vista
North Rebecca, NC 71658"
8527,Michael Moore,Printmaker,rwatson@example.org,"Camacho, Torres and Dunn",+1-359-907-8403x9348,"5477 Cabrera Vista
North Rebecca, NC 71658"
8527,Michael Moore,Printmaker,rwatson@example.org,"Camacho, Torres and Dunn",+1-359-907-8403x9348,"5477 Cabrera Vista
North Rebecca, NC 71658"
8527,Michael Moore,Printmaker,rwatson@example.org,"Camacho, Torres and Dunn",+1-359-907-8403x9348,"5477 Cabrera Vista
North Rebecca, NC 71658"
8527,Michael Moore,Printmaker,rwatson@example.org,"Camacho, Torres and Dunn",+1-359-907-8403x9348,"5477 Cabrera Vista
North Rebecca, NC 71658"
8527,Michael Moore,Printmaker,rwatson@example.org,"Camacho, Torres and Dunn",+1-359-907-8403x9348,"5477 Cabrera Vista
North Rebecca, NC 71658"
8527,Michael Moore,Printmaker,rwatson@example.org,"Camacho, Torres and Dunn",+1-359-907-8403x9348,"5477 Cabrera Vista
North Rebecca, NC 71658"
8527,Michael Moore,Printmaker,rwatson@example.org,"Camacho, Torres and Dunn",+1-359-907-8403x9348,"5477 Cabrera Vista
North Rebecca, NC 71658"
8527,Michael Moore,Printmaker,rwatson@example.org,"Camacho, Torres and Dunn",+1-359-907-8403x9348,"5477 Cabrera Vista
North Rebecca, NC 71658"
8527,Michael Moore,Printmaker,rwatson@example.org,"Camacho, Torres and Dunn",+1-359-907-8403x9348,"5477 Cabrera Vista
North Rebecca, NC 71658"
8527,Michael Moore,Printmaker,rwatson@example.org,"Camacho, Torres and Dunn",+1-359-907-8403x9348,"5477 Cabrera Vista
North Rebecca, NC 71658"
8527,Michael Moore,Printmaker,rwatson@example.org,"Camacho, Torres and Dunn",+1-359-907-8403x9348,"5477 Cabrera Vista
North Rebecca, NC 71658"
8527,Michael Moore,Printmaker,rwatson@example.org,"Camacho, Torres and Dunn",+1-359-907-8403x9348,"5477 Cabrera Vista
North Rebecca, NC 71658"
8527,Michael Moore,Printmaker,rwatson@example.org,"Camacho, Torres and Dunn",+1-359-907-8403x9348,"5477 Cabrera Vista
North Rebecca, NC 71658"
8527,Michael Moore,Printmaker,rwatson@example.org,"Camacho, Torres and Dunn",+1-359-907-8403x9348,"5477 Cabrera Vista
North Rebecca, NC 71658"
8527,Michael Moore,Printmaker,rwatson@example.org,"Camacho, Torres and Dunn",+1-359-907-8403x9348,"5477 Cabrera Vista
North Rebecca, NC 71658"
8527,Michael Moore,Printmaker,rwatson@example.org,"Camacho, Torres and Dunn",+1-359-907-8403x9348,"5477 Cabrera Vista
North Rebecca, NC 71658"
8527,Michael Moore,Printmaker,rwatson@example.org,"Camacho, Torres and Dunn",+1-359-907-8403x9348,"5477 Cabrera Vista
North Rebecca, NC 71658"
8527,Michael Moore,Printmaker,rwatson@example.org,"Camacho, Torres and Dunn",+1-359-907-8403x9348,"5477 Cabrera Vista
North Rebecca, NC 71658"
8527,Michael Moore,Printmaker,rwatson@example.org,"Camacho, Torres and Dunn",+1-359-907-8403x9348,"5477 Cabrera Vista
North Rebecca, NC 71658"
8527,Michael Moore,Printmaker,rwatson@example.org,"Camacho, Torres and Dunn",+1-359-907-8403x9348,"5477 Cabrera Vista
North Rebecca, NC 71658"
8527,Michael Moore,Printmaker,rwatson@example.org,"Camacho, Torres and Dunn",+1-359-907-8403x9348,"5477 Cabrera Vista
North Rebecca, NC 71658"
8527,Michael Moore,Printmaker,rwatson@example.org,"Camacho, Torres and Dunn",+1-359-907-8403x9348,"5477 Cabrera Vista
North Rebecca, NC 71658"
8527,Michael Moore,Printmaker,rwatson@example.org,"Camacho, Torres and Dunn",+1-359-907-8403x9348,"5477 Cabrera Vista
North Rebecca, NC 71658"
8527,Michael Moore,Printmaker,rwatson@example.org,"Camacho, Torres and Dunn",+1-359-907-8403x9348,"5477 Cabrera Vista
North Rebecca, NC 71658"
8527,Michael Moore,Printmaker,rwatson@example.org,"Camacho, Torres and Dunn",+1-359-907-8403x9348,"5477 Cabrera Vista
North Rebecca, NC 71658"
8527,Michael Moore,Printmaker,rwatson@example.org,"Camacho, Torres and Dunn",+1-359-907-8403x9348,"5477 Cabrera Vista
North Rebecca, NC 71658"
8527,Michael Moore,Printmaker,rwatson@example.org,"Camacho, Torres and Dunn",+1-359-907-8403x9348,"5477 Cabrera Vista
North Rebecca, NC 71658"
8527,Michael Moore,Printmaker,rwatson@example.org,"Camacho, Torres and Dunn",+1-359-907-8403x9348,"5477 Cabrera Vista
North Rebecca, NC 71658"
8527,Michael Moore,Printmaker,rwatson@example.org,"Camacho, Torres and Dunn",+1-359-907-8403x9348,"5477 Cabrera Vista
North Rebecca, NC 71658"
8527,Michael Moore,Printmaker,rwatson@example.org,"Camacho, Torres and Dunn",+1-359-907-8403x9348,"5477 Cabrera Vista
North Rebecca, NC 71658"
8527,Michael Moore,Printmaker,rwatson@example.org,"Camacho, Torres and Dunn",+1-359-907-8403x9348,"5477 Cabrera Vista
North Rebecca, NC 71658"
8527,Michael Moore,Printmaker,rwatson@example.org,"Camacho, Torres and Dunn",+1-359-907-8403x9348,"5477 Cabrera Vista
North Rebecca, NC 71658"
8527,Michael Moore,Printmaker,rwatson@example.org,"Camacho, Torres and Dunn",+1-359-907-8403x9348,"5477 Cabrera Vista
North Rebecca, NC 71658"
8527,Michael Moore,Printmaker,rwatson@example.org,"Camacho, Torres and Dunn",+1-359-907-8403x9348,"5477 Cabrera Vista
North Rebecca, NC 71658"
8527,Michael Moore,Printmaker,rwatson@example.org,"Camacho, Torres and Dunn",+1-359-907-8403x9348,"5477 Cabrera Vista
North Rebecca, NC 71658"
8527,Michael Moore,Printmaker,rwatson@example.org,"Camacho, Torres and Dunn",+1-359-907-8403x9348,"5477 Cabrera Vista
North Rebecca, NC 71658"
8527,Michael Moore,Printmaker,rwatson@example.org,"Camacho, Torres and Dunn",+1-359-907-8403x9348,"5477 Cabrera Vista
North Rebecca, NC 71658"
8527,Michael Moore,Printmaker,rwatson@example.org,"Camacho, Torres and Dunn",+1-359-907-8403x9348,"5477 Cabrera Vista
North Rebecca, NC 71658"
8527,Michael Moore,Printmaker,rwatson@example.org,"Camacho, Torres and Dunn",+1-359-907-8403x9348,"5477 Cabrera Vista
North Rebecca, NC 71658"
8527,Michael Moore,Printmaker,rwatson@example.org,"Camacho, Torres and Dunn",+1-359-907-8403x9348,"5477 Cabrera Vista
North Rebecca, NC 71658"
8527,Michael Moore,Printmaker,rwatson@example.org,"Camacho, Torres and Dunn",+1-359-907-8403x9348,"5477 Cabrera Vista
North Rebecca, NC 71658"
8527,Michael Moore,Printmaker,rwatson@example.org,"Camacho, Torres and Dunn",+1-359-907-8403x9348,"5477 Cabrera Vista
North Rebecca, NC 71658"
8527,Michael Moore,Printmaker,rwatson@example.org,"Camacho, Torres and Dunn",+1-359-907-8403x9348,"5477 Cabrera Vista
North Rebecca, NC 71658"
8527,Michael Moore,Printmaker,rwatson@example.org,"Camacho, Torres and Dunn",+1-359-907-8403x9348,"5477 Cabrera Vista
North Rebecca, NC 71658"
8527,Michael Moore,Printmaker,rwatson@example.org,"Camacho, Torres and Dunn",+1-359-907-8403x9348,"5477 Cabrera Vista
North Rebecca, NC 71658"
8527,Michael Moore,Printmaker,rwatson@example.org,"Camacho, Torres and Dunn",+1-359-907-8403x9348,"5477 Cabrera Vista
North Rebecca, NC 71658"
8527,Michael Moore,Printmaker,rwatson@example.org,"Camacho, Torres and Dunn",+1-359-907-8403x9348,"5477 Cabrera Vista
North Rebecca, NC 71658"
8527,Michael Moore,Printmaker,rwatson@example.org,"Camacho, Torres and Dunn",+1-359-907-8403x9348,"5477 Cabrera Vista
North Rebecca, NC 71658"
8527,Michael Moore,Printmaker,rwatson@example.org,"Camacho, Torres and Dunn",+1-359-907-8403x9348,"5477 Cabrera Vista
North Rebecca, NC 71658"
8527,Michael Moore,Printmaker,rwatson@example.org,"Camacho, Torres and Dunn",+1-359-907-8403x9348,"5477 Cabrera Vista
North Rebecca, NC 71658"
8527,Michael Moore,Printmaker,rwatson@example.org,"Camacho, Torres and Dunn",+1-359-907-8403x9348,"5477 Cabrera Vista
North Rebecca, NC 71658"
8527,Michael Moore,Printmaker,rwatson@example.org,"Camacho, Torres and Dunn",+1-359-907-8403x9348,"5477 Cabrera Vista
North Rebecca, NC 71658"
8527,Michael Moore,Printmaker,rwatson@example.org,"Camacho, Torres and Dunn",+1-359-907-8403x9348,"5477 Cabrera Vista
North Rebecca, NC 71658"
8527,Michael Moore,Printmaker,rwatson@example.org,"Camacho, Torres and Dunn",+1-359-907-8403x9348,"5477 Cabrera Vista
North Rebecca, NC 71658"
8527,Michael Moore,Printmaker,rwatson@example.org,"Camacho, Torres and Dunn",+1-359-907-8403x9348,"5477 Cabrera Vista
North Rebecca, NC 71658"
8527,Michael Moore,Printmaker,rwatson@example.org,"Camacho, Torres and Dunn",+1-359-907-8403x9348,"5477 Cabrera Vista
North Rebecca, NC 71658"
8527,Michael Moore,Printmaker,rwatson@example.org,"Camacho, Torres and Dunn",+1-359-907-8403x9348,"5477 Cabrera Vista
North Rebecca, NC 71658"
8527,Michael Moore,Printmaker,rwatson@example.org,"Camacho, Torres and Dunn",+1-359-907-8403x9348,"5477 Cabrera Vista
North Rebecca, NC 71658"
8527,Michael Moore,Printmaker,rwatson@example.org,"Camacho, Torres and Dunn",+1-359-907-8403x9348,"5477 Cabrera Vista
North Rebecca, NC 71658"
8527,Michael Moore,Printmaker,rwatson@example.org,"Camacho, Torres and Dunn",+1-359-907-8403x9348,"5477 Cabrera Vista
North Rebecca, NC 71658"
8527,Michael Moore,Printmaker,rwatson@example.org,"Camacho, Torres and Dunn",+1-359-907-8403x9348,"5477 Cabrera Vista
North Rebecca, NC 71658"
8527,Michael Moore,Printmaker,rwatson@example.org,"Camacho, Torres and Dunn",+1-359-907-8403x9348,"5477 Cabrera Vista
North Rebecca, NC 71658"
8527,Michael Moore,Printmaker,rwatson@example.org,"Camacho, Torres and Dunn",+1-359-907-8403x9348,"5477 Cabrera Vista
North Rebecca, NC 71658"
8527,Michael Moore,Printmaker,rwatson@example.org,"Camacho, Torres and Dunn",+1-359-907-8403x9348,"5477 Cabrera Vista
North Rebecca, NC 71658"
8527,Michael Moore,Printmaker,rwatson@example.org,"Camacho, Torres and Dunn",+1-359-907-8403x9348,"5477 Cabrera Vista
North Rebecca, NC 71658"
8527,Michael Moore,Printmaker,rwatson@example.org,"Camacho, Torres and Dunn",+1-359-907-8403x9348,"5477 Cabrera Vista
North Rebecca, NC 71658"
8527,Michael Moore,Printmaker,rwatson@example.org,"Camacho, Torres and Dunn",+1-359-907-8403x9348,"5477 Cabrera Vista
North Rebecca, NC 71658"
8527,Michael Moore,Printmaker,rwatson@example.org,"Camacho, Torres and Dunn",+1-359-907-8403x9348,"5477 Cabrera Vista
North Rebecca, NC 71658"
8527,Michael Moore,Printmaker,rwatson@example.org,"Camacho, Torres and Dunn",+1-359-907-8403x9348,"5477 Cabrera Vista
North Rebecca, NC 71658"
8527,Michael Moore,Printmaker,rwatson@example.org,"Camacho, Torres and Dunn",+1-359-907-8403x9348,"5477 Cabrera Vista
North Rebecca, NC 71658"
8527,Michael Moore,Printmaker,rwatson@example.org,"Camacho, Torres and Dunn",+1-359-907-8403x9348,"5477 Cabrera Vista
North Rebecca, NC 71658"
8527,Michael Moore,Printmaker,rwatson@example.org,"Camacho, Torres and Dunn",+1-359-907-8403x9348,"5477 Cabrera Vista
North Rebecca, NC 71658"
8527,Michael Moore,Printmaker,rwatson@example.org,"Camacho, Torres and Dunn",+1-359-907-8403x9348,"5477 Cabrera Vista
North Rebecca, NC 71658"
8527,Michael Moore,Printmaker,rwatson@example.org,"Camacho, Torres and Dunn",+1-359-907-8403x9348,"5477 Cabrera Vista
North Rebecca, NC 71658"
8527,Michael Moore,Printmaker,rwatson@example.org,"Camacho, Torres and Dunn",+1-359-907-8403x9348,"5477 Cabrera Vista
North Rebecca, NC 71658"
8527,Michael Moore,Printmaker,rwatson@example.org,"Camacho, Torres and Dunn",+1-359-907-8403x9348,"5477 Cabrera Vista
North Rebecca, NC 71658"
8527,Michael Moore,Printmaker,rwatson@example.org,"Camacho, Torres and Dunn",+1-359-907-8403x9348,"5477 Cabrera Vista
North Rebecca, NC 71658"
8527,Michael Moore,Printmaker,rwatson@example.org,"Camacho, Torres and Dunn",+1-359-907-8403x9348,"5477 Cabrera Vista
North Rebecca, NC 71658"
8527,Michael Moore,Printmaker,rwatson@example.org,"Camacho, Torres and Dunn",+1-359-907-8403x9348,"5477 Cabrera Vista
North Rebecca, NC 71658"
8527,Michael Moore,Printmaker,rwatson@example.org,"Camacho, Torres and Dunn",+1-359-907-8403x9348,"5477 Cabrera Vista
North Rebecca, NC 71658"
8527,Michael Moore,Printmaker,rwatson@example.org,"Camacho, Torres and Dunn",+1-359-907-8403x9348,"5477 Cabrera Vista
North Rebecca, NC 71658"
8527,Michael Moore,Printmaker,rwatson@example.org,"Camacho, Torres and Dunn",+1-359-907-8403x9348,"5477 Cabrera Vista
North Rebecca, NC 71658"
8527,Michael Moore,Printmaker,rwatson@example.org,"Camacho, Torres and Dunn",+1-359-907-8403x9348,"5477 Cabrera Vista
North Rebecca, NC 71658"
8527,Michael Moore,Printmaker,rwatson@example.org,"Camacho, Torres and Dunn",+1-359-907-8403x9348,"5477 Cabrera Vista
North Rebecca, NC 71658"
8527,Michael Moore,Printmaker,rwatson@example.org,"Camacho, Torres and Dunn",+1-359-907-8403x9348,"5477 Cabrera Vista
North Rebecca, NC 71658"
8527,Michael Moore,Printmaker,rwatson@example.org,"Camacho, Torres and Dunn",+1-359-907-8403x9348,"5477 Cabrera Vista
North Rebecca, NC 71658"
8527,Michael Moore,Printmaker,rwatson@example.org,"Camacho, Torres and Dunn",+1-359-907-8403x9348,"5477 Cabrera Vista
North Rebecca, NC 71658"
8527,Michael Moore,Printmaker,rwatson@example.org,"Camacho, Torres and Dunn",+1-359-907-8403x9348,"5477 Cabrera Vista
North Rebecca, NC 71658"
8527,Michael Moore,Printmaker,rwatson@example.org,"Camacho, Torres and Dunn",+1-359-907-8403x9348,"5477 Cabrera Vista
North Rebecca, NC 71658"
8527,Michael Moore,Printmaker,rwatson@example.org,"Camacho, Torres and Dunn",+1-359-907-8403x9348,"5477 Cabrera Vista
North Rebecca, NC 71658"
8527,Michael Moore,Printmaker,rwatson@example.org,"Camacho, Torres and Dunn",+1-359-907-8403x9348,"5477 Cabrera Vista
North Rebecca, NC 71658"
8527,Michael Moore,Printmaker,rwatson@example.org,"Camacho, Torres and Dunn",+1-359-907-8403x9348,"5477 Cabrera Vista
North Rebecca, NC 71658"
8527,Michael Moore,Printmaker,rwatson@example.org,"Camacho, Torres and Dunn",+1-359-907-8403x9348,"5477 Cabrera Vista
North Rebecca, NC 71658"
8527,Michael Moore,Printmaker,rwatson@example.org,"Camacho, Torres and Dunn",+1-359-907-8403x9348,"5477 Cabrera Vista
North Rebecca, NC 71658"
8527,Michael Moore,Printmaker,rwatson@example.org,"Camacho, Torres and Dunn",+1-359-907-8403x9348,"5477 Cabrera Vista
North Rebecca, NC 71658"
8527,Michael Moore,Printmaker,rwatson@example.org,"Camacho, Torres and Dunn",+1-359-907-8403x9348,"5477 Cabrera Vista
North Rebecca, NC 71658"
8527,Michael Moore,Printmaker,rwatson@example.org,"Camacho, Torres and Dunn",+1-359-907-8403x9348,"5477 Cabrera Vista
North Rebecca, NC 71658"
8527,Michael Moore,Printmaker,rwatson@example.org,"Camacho, Torres and Dunn",+1-359-907-8403x9348,"5477 Cabrera Vista
North Rebecca, NC 71658"
8527,Michael Moore,Printmaker,rwatson@example.org,"Camacho, Torres and Dunn",+1-359-907-8403x9348,"5477 Cabrera Vista
North Rebecca, NC 71658"
8527,Michael Moore,Printmaker,rwatson@example.org,"Camacho, Torres and Dunn",+1-359-907-8403x9348,"5477 Cabrera Vista
North Rebecca, NC 71658"
8527,Michael Moore,Printmaker,rwatson@example.org,"Camacho, Torres and Dunn",+1-359-907-8403x9348,"5477 Cabrera Vista
North Rebecca, NC 71658"
8527,Michael Moore,Printmaker,rwatson@example.org,"Camacho, Torres and Dunn",+1-359-907-8403x9348,"5477 Cabrera Vista
North Rebecca, NC 71658"
8527,Michael Moore,Printmaker,rwatson@example.org,"Camacho, Torres and Dunn",+1-359-907-8403x9348,"5477 Cabrera Vista
North Rebecca, NC 71658"
8527,Michael Moore,Printmaker,rwatson@example.org,"Camacho, Torres and Dunn",+1-359-907-8403x9348,"5477 Cabrera Vista
North Rebecca, NC 71658"
8527,Michael Moore,Printmaker,rwatson@example.org,"Camacho, Torres and Dunn",+1-359-907-8403x9348,"5477 Cabrera Vista
North Rebecca, NC 71658"
8527,Michael Moore,Printmaker,rwatson@example.org,"Camacho, Torres and Dunn",+1-359-907-8403x9348,"5477 Cabrera Vista
North Rebecca, NC 71658"
8527,Michael Moore,Printmaker,rwatson@example.org,"Camacho, Torres and Dunn",+1-359-907-8403x9348,"5477 Cabrera Vista
North Rebecca, NC 71658"
8527,Michael Moore,Printmaker,rwatson@example.org,"Camacho, Torres and Dunn",+1-359-907-8403x9348,"5477 Cabrera Vista
North Rebecca, NC 71658"
8527,Michael Moore,Printmaker,rwatson@example.org,"Camacho, Torres and Dunn",+1-359-907-8403x9348,"5477 Cabrera Vista
North Rebecca, NC 71658"
8527,Michael Moore,Printmaker,rwatson@example.org,"Camacho, Torres and Dunn",+1-359-907-8403x9348,"5477 Cabrera Vista
North Rebecca, NC 71658"
8527,Michael Moore,Printmaker,rwatson@example.org,"Camacho, Torres and Dunn",+1-359-907-8403x9348,"5477 Cabrera Vista
North Rebecca, NC 71658"
8527,Michael Moore,Printmaker,rwatson@example.org,"Camacho, Torres and Dunn",+1-359-907-8403x9348,"5477 Cabrera Vista
North Rebecca, NC 71658"
8527,Michael Moore,Printmaker,rwatson@example.org,"Camacho, Torres and Dunn",+1-359-907-8403x9348,"5477 Cabrera Vista
North Rebecca, NC 71658"
8527,Michael Moore,Printmaker,rwatson@example.org,"Camacho, Torres and Dunn",+1-359-907-8403x9348,"5477 Cabrera Vista
North Rebecca, NC 71658"
8527,Michael Moore,Printmaker,rwatson@example.org,"Camacho, Torres and Dunn",+1-359-907-8403x9348,"5477 Cabrera Vista
North Rebecca, NC 71658"
8527,Michael Moore,Printmaker,rwatson@example.org,"Camacho, Torres and Dunn",+1-359-907-8403x9348,"5477 Cabrera Vista
North Rebecca, NC 71658"
8527,Michael Moore,Printmaker,rwatson@example.org,"Camacho, Torres and Dunn",+1-359-907-8403x9348,"5477 Cabrera Vista
North Rebecca, NC 71658"
8527,Michael Moore,Printmaker,rwatson@example.org,"Camacho, Torres and Dunn",+1-359-907-8403x9348,"5477 Cabrera Vista
North Rebecca, NC 71658"
8527,Michael Moore,Printmaker,rwatson@example.org,"Camacho, Torres and Dunn",+1-359-907-8403x9348,"5477 Cabrera Vista
North Rebecca, NC 71658"
8527,Michael Moore,Printmaker,rwatson@example.org,"Camacho, Torres and Dunn",+1-359-907-8403x9348,"5477 Cabrera Vista
North Rebecca, NC 71658"
8527,Michael Moore,Printmaker,rwatson@example.org,"Camacho, Torres and Dunn",+1-359-907-8403x9348,"5477 Cabrera Vista
North Rebecca, NC 71658"
8527,Michael Moore,Printmaker,rwatson@example.org,"Camacho, Torres and Dunn",+1-359-907-8403x9348,"5477 Cabrera Vista
North Rebecca, NC 71658"
8527,Michael Moore,Printmaker,rwatson@example.org,"Camacho, Torres and Dunn",+1-359-907-8403x9348,"5477 Cabrera Vista
North Rebecca, NC 71658"
8527,Michael Moore,Printmaker,rwatson@example.org,"Camacho, Torres and Dunn",+1-359-907-8403x9348,"5477 Cabrera Vista
North Rebecca, NC 71658"
